table,row,column,value
1,0,0,Arm
1,0,1,Selected epoch
1,0,2,Toolkit AP
1,0,3,Toolkit AP50
1,0,4,COCO AP
1,0,5,COCO AP50
1,1,0,C0
1,1,1,46
1,1,2,38.38
1,1,3,63.30
1,1,4,38.19
1,1,5,60.91
1,2,0,C1
1,2,1,47
1,2,2,39.51
1,2,3,64.82
1,2,4,39.38
1,2,5,62.50
1,3,0,C2
1,3,1,43
1,3,2,39.36
1,3,3,64.47
1,3,4,39.20
1,3,5,62.12
2,0,0,Arm
2,0,1,Tiny TP
2,0,2,Tiny recall (%)
2,0,3,All TP
2,0,4,All recall (%)
2,0,5,All FP
2,1,0,C0
2,1,1,1447
2,1,2,22.84
2,1,3,5942
2,1,4,42.68
2,1,5,271
2,2,0,C1
2,2,1,1428
2,2,2,22.54
2,2,3,5874
2,2,4,42.20
2,2,5,274
2,3,0,C2
2,3,1,1452
2,3,2,22.92
2,3,3,5869
2,3,4,42.16
2,3,5,274
3,0,0,Budget
3,0,1,Arm
3,0,2,Tiny recall (%)
3,0,3,All recall (%)
3,0,4,All FP
3,1,0,0.10
3,1,1,C0
3,1,2,1.83
3,1,3,14.32
3,1,4,54
3,2,0,0.10
3,2,1,C1
3,2,2,1.29
3,2,3,14.21
3,2,4,53
3,3,0,0.10
3,3,1,C2
3,3,2,1.44
3,3,3,14.24
3,3,4,54
3,4,0,0.50
3,4,1,C0
3,4,2,22.84
3,4,3,42.68
3,4,4,271
3,5,0,0.50
3,5,1,C1
3,5,2,22.54
3,5,3,42.20
3,5,4,274
3,6,0,0.50
3,6,1,C2
3,6,2,22.92
3,6,3,42.16
3,6,4,274
3,7,0,1.00
3,7,1,C0
3,7,2,31.40
3,7,3,50.58
3,7,4,548
3,8,0,1.00
3,8,1,C1
3,8,2,34.14
3,8,3,51.99
3,8,4,548
3,9,0,1.00
3,9,1,C2
3,9,2,35.09
3,9,3,52.34
3,9,4,548
4,0,0,Domain
4,0,1,Source budget
4,0,2,C0 TP / GT
4,0,3,C2 TP / GT
4,0,4,C0 FP; FPI
4,0,5,C2 FP; FPI
4,1,0,Bari
4,1,1,0.50
4,1,2,234 / 547
4,1,3,241 / 547
4,1,4,68; 0.22
4,1,5,52; 0.17
4,2,0,Bari
4,2,1,1.00
4,2,2,249 / 547
4,2,3,252 / 547
4,2,4,100; 0.32
4,2,5,110; 0.35
4,3,0,SDS
4,3,1,0.50
4,3,2,1548 / 6206
4,3,3,1201 / 6206
4,3,4,587; 0.38
4,3,5,1084; 0.70
4,4,0,SDS
4,4,1,1.00
4,4,2,1965 / 6206
4,4,3,1742 / 6206
4,4,4,1063; 0.69
4,4,5,3686; 2.38
